{"mean_z_score": -1.0853665465468578, "mean_z_score_with_noshows": -1.2420861804844698, "avg_grade": 1.8571428571428574, "avg_percentile": 13.647289957240263, "avg_percentile_with_noshows": 11.479537280062214, "total_ects": 183}