{"mean_z_score": -1.020493380561889, "mean_z_score_with_noshows": -1.1808444355935401, "avg_grade": 1.9450980392156865, "avg_percentile": 13.68802370260636, "avg_percentile_with_noshows": 11.513936078038142, "total_ects": 168}