{"semester_code": ["18W", "19S", "19W", "20S", "20W", "21S", "21W", "22S"], "Number of Courses": [5, 4, 5, 6, 2, 4, 1, 2], "Total ECTS": [31, 28, 31, 37, 11, 27, 3, 15], "My Mean Grade": [2.0450000000000004, 1.8499999999999999, 1.4516129032258065, 1.8324324324324328, 2.8363636363636364, 2.22962962962963, 1.3, 1.24], "My Mean Z-Score": [-1.1513210798418565, -0.9975731828038359, -1.4487491414131506, -1.4861961173124187, -0.2414276859253491, -0.28895133051242494, -0.4279048301571185, 0.0], "My Mean Percentile": [10.45137837019085, 15.431122686261743, 6.233766233766234, 10.250077184316147, 37.265415549597854, 30.323065364387677, 33.63636363636363, 0.0]}