{"mean_z_score": -0.9843741502686444, "mean_z_score_with_noshows": -1.1470135402727386, "avg_grade": 1.997183098591549, "avg_percentile": 13.673571569963089, "avg_percentile_with_noshows": 11.49876620578904, "total_ects": 157}