{"mean_z_score": -0.901407363914152, "mean_z_score_with_noshows": -1.0792597750038568, "avg_grade": 1.997183098591549, "avg_percentile": 17.963827268248338, "avg_percentile_with_noshows": 14.51441913098491}