{"mean_z_score": -1.0308724759325902, "mean_z_score_with_noshows": -1.1902305357688263, "avg_grade": 1.9315789473684213, "avg_percentile": 13.616493315244488, "avg_percentile_with_noshows": 11.458373990086258, "total_ects": 167}