{"mean_z_score": -0.9843741502686444, "mean_z_score_with_noshows": -1.1470135402727386, "avg_grade": 1.997183098591549, "avg_percentile": 17.963827268248338, "avg_percentile_with_noshows": 14.51441913098491, "total_ects": 157}