{"semester_code": ["18W", "19S", "19W", "20S", "20W", "21S"], "Number of Courses": [5, 4, 6, 6, 2, 3], "Total ECTS": [31, 28, 34, 37, 11, 16], "My Mean Grade": [2.0450000000000004, 1.8500000000000003, 1.561764705882353, 1.8324324324324324, 2.8363636363636364, 2.8875], "My Mean Z-Score": [-0.973410955566744, -1.011258262024764, -1.204627675489594, -0.9941697606872875, -0.2630732166037408, -0.22662504882271078], "My Mean Percentile": [10.491509418147885, 13.655105769072025, 12.807382968980061, 17.278017221913093, 36.053719008264466, 33.87388612647263]}