{"semester_code": ["18W", "19S", "19W", "20S", "20W", "21S"], "Number of Courses": [5, 4, 6, 6, 2, 3], "Total ECTS": [31, 28, 34, 37, 11, 16], "My Mean Grade": [2.0450000000000004, 1.8499999999999999, 1.561764705882353, 1.8324324324324324, 2.8363636363636364, 2.8875], "My Mean Z-Score": [-1.1513210798418565, -0.9975731828038359, -1.4287890637482974, -1.4861961173124187, -0.2414276859253491, -0.27995925915365316], "My Mean Percentile": [10.45137837019085, 15.431122686261743, 6.782807368270741, 10.250077184316147, 37.265415549597854, 31.539465101108938]}